cp,municipio,year,population
44001,Ababuj,2020,77
44001,Ababuj,2019,73
44001,Ababuj,2018,76
44001,Ababuj,2017,73
44001,Ababuj,2016,76
44001,Ababuj,2015,73
44001,Ababuj,2014,65
44001,Ababuj,2013,65
44001,Ababuj,2012,73
44001,Ababuj,2011,78
44001,Ababuj,2010,77
44002,Abejuela,2020,50
44002,Abejuela,2019,48
44002,Abejuela,2018,49
44002,Abejuela,2017,50
44002,Abejuela,2016,56
44002,Abejuela,2015,54
44002,Abejuela,2014,41
44002,Abejuela,2013,39
44002,Abejuela,2012,55
44002,Abejuela,2011,66
44002,Abejuela,2010,56
44003,Aguatón,2020,19
44003,Aguatón,2019,18
44003,Aguatón,2018,18
44003,Aguatón,2017,19
44003,Aguatón,2016,19
44003,Aguatón,2015,19
44003,Aguatón,2014,18
44003,Aguatón,2013,19
44003,Aguatón,2012,20
44003,Aguatón,2011,20
44003,Aguatón,2010,21
44004,Aguaviva,2020,516
44004,Aguaviva,2019,514
44004,Aguaviva,2018,522
44004,Aguaviva,2017,531
44004,Aguaviva,2016,550
44004,Aguaviva,2015,586
44004,Aguaviva,2014,605
44004,Aguaviva,2013,654
44004,Aguaviva,2012,660
44004,Aguaviva,2011,693
44004,Aguaviva,2010,693
44005,Aguilar del Alfambra,2020,69
44005,Aguilar del Alfambra,2019,63
44005,Aguilar del Alfambra,2018,63
44005,Aguilar del Alfambra,2017,65
44005,Aguilar del Alfambra,2016,64
44005,Aguilar del Alfambra,2015,66
44005,Aguilar del Alfambra,2014,77
44005,Aguilar del Alfambra,2013,75
44005,Aguilar del Alfambra,2012,73
44005,Aguilar del Alfambra,2011,70
44005,Aguilar del Alfambra,2010,67
44006,Alacón,2020,238
44006,Alacón,2019,252
44006,Alacón,2018,264
44006,Alacón,2017,274
44006,Alacón,2016,279
44006,Alacón,2015,293
44006,Alacón,2014,314
44006,Alacón,2013,306
44006,Alacón,2012,331
44006,Alacón,2011,349
44006,Alacón,2010,361
44007,Alba,2020,165
44007,Alba,2019,170
44007,Alba,2018,178
44007,Alba,2017,185
44007,Alba,2016,196
44007,Alba,2015,210
44007,Alba,2014,212
44007,Alba,2013,215
44007,Alba,2012,231
44007,Alba,2011,230
44007,Alba,2010,248
44008,Albalate del Arzobispo,2020,1972
44008,Albalate del Arzobispo,2019,1980
44008,Albalate del Arzobispo,2018,2004
44008,Albalate del Arzobispo,2017,1978
44008,Albalate del Arzobispo,2016,2003
44008,Albalate del Arzobispo,2015,2001
44008,Albalate del Arzobispo,2014,2025
44008,Albalate del Arzobispo,2013,2049
44008,Albalate del Arzobispo,2012,2087
44008,Albalate del Arzobispo,2011,2115
44008,Albalate del Arzobispo,2010,2155
44009,Albarracín,2020,1006
44009,Albarracín,2019,1025
44009,Albarracín,2018,1016
44009,Albarracín,2017,1044
44009,Albarracín,2016,1054
44009,Albarracín,2015,1049
44009,Albarracín,2014,1059
44009,Albarracín,2013,1093
44009,Albarracín,2012,1102
44009,Albarracín,2011,1096
44009,Albarracín,2010,1096
44010,Albentosa,2020,289
44010,Albentosa,2019,276
44010,Albentosa,2018,257
44010,Albentosa,2017,255
44010,Albentosa,2016,267
44010,Albentosa,2015,270
44010,Albentosa,2014,279
44010,Albentosa,2013,296
44010,Albentosa,2012,290
44010,Albentosa,2011,301
44010,Albentosa,2010,310
44011,Alcaine,2020,53
44011,Alcaine,2019,59
44011,Alcaine,2018,63
44011,Alcaine,2017,62
44011,Alcaine,2016,70
44011,Alcaine,2015,74
44011,Alcaine,2014,72
44011,Alcaine,2013,69
44011,Alcaine,2012,69
44011,Alcaine,2011,67
44011,Alcaine,2010,69
44012,Alcalá de la Selva,2020,331
44012,Alcalá de la Selva,2019,343
44012,Alcalá de la Selva,2018,347
44012,Alcalá de la Selva,2017,369
44012,Alcalá de la Selva,2016,398
44012,Alcalá de la Selva,2015,399
44012,Alcalá de la Selva,2014,424
44012,Alcalá de la Selva,2013,457
44012,Alcalá de la Selva,2012,496
44012,Alcalá de la Selva,2011,516
44012,Alcalá de la Selva,2010,513
44013,Alcañiz,2020,16006
44013,Alcañiz,2019,15947
44013,Alcañiz,2018,15939
44013,Alcañiz,2017,15937
44013,Alcañiz,2016,16043
44013,Alcañiz,2015,16230
44013,Alcañiz,2014,16333
44013,Alcañiz,2013,16384
44013,Alcañiz,2012,16424
44013,Alcañiz,2011,16420
44013,Alcañiz,2010,16291
44014,Alcorisa,2020,3298
44014,Alcorisa,2019,3266
44014,Alcorisa,2018,3276
44014,Alcorisa,2017,3313
44014,Alcorisa,2016,3326
44014,Alcorisa,2015,3374
44014,Alcorisa,2014,3433
44014,Alcorisa,2013,3501
44014,Alcorisa,2012,3556
44014,Alcorisa,2011,3622
44014,Alcorisa,2010,3642
44016,Alfambra,2020,482
44016,Alfambra,2019,508
44016,Alfambra,2018,531
44016,Alfambra,2017,554
44016,Alfambra,2016,568
44016,Alfambra,2015,571
44016,Alfambra,2014,587
44016,Alfambra,2013,584
44016,Alfambra,2012,622
44016,Alfambra,2011,677
44016,Alfambra,2010,676
44017,Aliaga,2020,326
44017,Aliaga,2019,341
44017,Aliaga,2018,358
44017,Aliaga,2017,348
44017,Aliaga,2016,348
44017,Aliaga,2015,365
44017,Aliaga,2014,358
44017,Aliaga,2013,361
44017,Aliaga,2012,366
44017,Aliaga,2011,382
44017,Aliaga,2010,381
44021,Allepuz,2020,124
44021,Allepuz,2019,125
44021,Allepuz,2018,126
44021,Allepuz,2017,129
44021,Allepuz,2016,128
44021,Allepuz,2015,118
44021,Allepuz,2014,117
44021,Allepuz,2013,119
44021,Allepuz,2012,121
44021,Allepuz,2011,129
44021,Allepuz,2010,133
44022,Alloza,2020,572
44022,Alloza,2019,558
44022,Alloza,2018,582
44022,Alloza,2017,594
44022,Alloza,2016,602
44022,Alloza,2015,604
44022,Alloza,2014,638
44022,Alloza,2013,667
44022,Alloza,2012,673
44022,Alloza,2011,701
44022,Alloza,2010,711
44023,Allueva,2020,24
44023,Allueva,2019,26
44023,Allueva,2018,29
44023,Allueva,2017,31
44023,Allueva,2016,29
44023,Allueva,2015,27
44023,Allueva,2014,15
44023,Allueva,2013,15
44023,Allueva,2012,21
44023,Allueva,2011,23
44023,Allueva,2010,15
44018,Almohaja,2020,14
44018,Almohaja,2019,16
44018,Almohaja,2018,16
44018,Almohaja,2017,18
44018,Almohaja,2016,19
44018,Almohaja,2015,20
44018,Almohaja,2014,21
44018,Almohaja,2013,21
44018,Almohaja,2012,28
44018,Almohaja,2011,29
44018,Almohaja,2010,29
44019,Alobras,2020,64
44019,Alobras,2019,64
44019,Alobras,2018,62
44019,Alobras,2017,65
44019,Alobras,2016,63
44019,Alobras,2015,70
44019,Alobras,2014,75
44019,Alobras,2013,79
44019,Alobras,2012,79
44019,Alobras,2011,75
44019,Alobras,2010,70
44020,Alpeñés,2020,21
44020,Alpeñés,2019,22
44020,Alpeñés,2018,22
44020,Alpeñés,2017,23
44020,Alpeñés,2016,23
44020,Alpeñés,2015,21
44020,Alpeñés,2014,19
44020,Alpeñés,2013,19
44020,Alpeñés,2012,25
44020,Alpeñés,2011,26
44020,Alpeñés,2010,27
44024,Anadón,2020,32
44024,Anadón,2019,28
44024,Anadón,2018,27
44024,Anadón,2017,27
44024,Anadón,2016,27
44024,Anadón,2015,25
44024,Anadón,2014,24
44024,Anadón,2013,23
44024,Anadón,2012,27
44024,Anadón,2011,24
44024,Anadón,2010,21
44025,Andorra,2020,7345
44025,Andorra,2019,7472
44025,Andorra,2018,7633
44025,Andorra,2017,7799
44025,Andorra,2016,7875
44025,Andorra,2015,8065
44025,Andorra,2014,8148
44025,Andorra,2013,8278
44025,Andorra,2012,8266
44025,Andorra,2011,8324
44025,Andorra,2010,8367
44026,Arcos de las Salinas,2020,118
44026,Arcos de las Salinas,2019,119
44026,Arcos de las Salinas,2018,105
44026,Arcos de las Salinas,2017,106
44026,Arcos de las Salinas,2016,106
44026,Arcos de las Salinas,2015,105
44026,Arcos de las Salinas,2014,100
44026,Arcos de las Salinas,2013,96
44026,Arcos de las Salinas,2012,105
44026,Arcos de las Salinas,2011,100
44026,Arcos de las Salinas,2010,111
44027,Arens de Lledó,2020,205
44027,Arens de Lledó,2019,211
44027,Arens de Lledó,2018,206
44027,Arens de Lledó,2017,199
44027,Arens de Lledó,2016,212
44027,Arens de Lledó,2015,206
44027,Arens de Lledó,2014,208
44027,Arens de Lledó,2013,215
44027,Arens de Lledó,2012,205
44027,Arens de Lledó,2011,196
44027,Arens de Lledó,2010,213
44028,Argente,2020,193
44028,Argente,2019,195
44028,Argente,2018,198
44028,Argente,2017,207
44028,Argente,2016,207
44028,Argente,2015,214
44028,Argente,2014,217
44028,Argente,2013,225
44028,Argente,2012,224
44028,Argente,2011,223
44028,Argente,2010,232
44029,Ariño,2020,714
44029,Ariño,2019,724
44029,Ariño,2018,708
44029,Ariño,2017,733
44029,Ariño,2016,738
44029,Ariño,2015,763
44029,Ariño,2014,775
44029,Ariño,2013,769
44029,Ariño,2012,893
44029,Ariño,2011,914
44029,Ariño,2010,925
44031,Azaila,2020,93
44031,Azaila,2019,90
44031,Azaila,2018,94
44031,Azaila,2017,97
44031,Azaila,2016,106
44031,Azaila,2015,116
44031,Azaila,2014,119
44031,Azaila,2013,124
44031,Azaila,2012,133
44031,Azaila,2011,148
44031,Azaila,2010,139
44032,Bádenas,2020,19
44032,Bádenas,2019,19
44032,Bádenas,2018,20
44032,Bádenas,2017,18
44032,Bádenas,2016,19
44032,Bádenas,2015,19
44032,Bádenas,2014,19
44032,Bádenas,2013,20
44032,Bádenas,2012,21
44032,Bádenas,2011,21
44032,Bádenas,2010,22
44033,Báguena,2020,285
44033,Báguena,2019,287
44033,Báguena,2018,311
44033,Báguena,2017,318
44033,Báguena,2016,316
44033,Báguena,2015,327
44033,Báguena,2014,337
44033,Báguena,2013,353
44033,Báguena,2012,370
44033,Báguena,2011,386
44033,Báguena,2010,398
44034,Bañón,2020,146
44034,Bañón,2019,144
44034,Bañón,2018,153
44034,Bañón,2017,149
44034,Bañón,2016,158
44034,Bañón,2015,150
44034,Bañón,2014,154
44034,Bañón,2013,163
44034,Bañón,2012,162
44034,Bañón,2011,165
44034,Bañón,2010,167
44035,Barrachina,2020,109
44035,Barrachina,2019,112
44035,Barrachina,2018,118
44035,Barrachina,2017,121
44035,Barrachina,2016,129
44035,Barrachina,2015,133
44035,Barrachina,2014,137
44035,Barrachina,2013,148
44035,Barrachina,2012,143
44035,Barrachina,2011,145
44035,Barrachina,2010,167
44036,Bea,2020,29
44036,Bea,2019,31
44036,Bea,2018,31
44036,Bea,2017,30
44036,Bea,2016,35
44036,Bea,2015,26
44036,Bea,2014,28
44036,Bea,2013,30
44036,Bea,2012,30
44036,Bea,2011,32
44036,Bea,2010,37
44037,Beceite,2020,531
44037,Beceite,2019,541
44037,Beceite,2018,541
44037,Beceite,2017,551
44037,Beceite,2016,561
44037,Beceite,2015,566
44037,Beceite,2014,583
44037,Beceite,2013,599
44037,Beceite,2012,607
44037,Beceite,2011,608
44037,Beceite,2010,608
44039,Bello,2020,219
44039,Bello,2019,224
44039,Bello,2018,225
44039,Bello,2017,244
44039,Bello,2016,245
44039,Bello,2015,238
44039,Bello,2014,244
44039,Bello,2013,250
44039,Bello,2012,282
44039,Bello,2011,274
44039,Bello,2010,284
44038,Belmonte de San José,2020,123
44038,Belmonte de San José,2019,113
44038,Belmonte de San José,2018,113
44038,Belmonte de San José,2017,113
44038,Belmonte de San José,2016,119
44038,Belmonte de San José,2015,117
44038,Belmonte de San José,2014,120
44038,Belmonte de San José,2013,117
44038,Belmonte de San José,2012,126
44038,Belmonte de San José,2011,129
44038,Belmonte de San José,2010,137
44040,Berge,2020,241
44040,Berge,2019,235
44040,Berge,2018,244
44040,Berge,2017,245
44040,Berge,2016,248
44040,Berge,2015,246
44040,Berge,2014,247
44040,Berge,2013,251
44040,Berge,2012,254
44040,Berge,2011,264
44040,Berge,2010,274
44041,Bezas,2020,67
44041,Bezas,2019,70
44041,Bezas,2018,70
44041,Bezas,2017,62
44041,Bezas,2016,65
44041,Bezas,2015,67
44041,Bezas,2014,77
44041,Bezas,2013,75
44041,Bezas,2012,78
44041,Bezas,2011,82
44041,Bezas,2010,79
44042,Blancas,2020,125
44042,Blancas,2019,126
44042,Blancas,2018,125
44042,Blancas,2017,134
44042,Blancas,2016,147
44042,Blancas,2015,149
44042,Blancas,2014,152
44042,Blancas,2013,157
44042,Blancas,2012,158
44042,Blancas,2011,154
44042,Blancas,2010,166
44043,Blesa,2020,92
44043,Blesa,2019,94
44043,Blesa,2018,95
44043,Blesa,2017,97
44043,Blesa,2016,101
44043,Blesa,2015,109
44043,Blesa,2014,109
44043,Blesa,2013,118
44043,Blesa,2012,125
44043,Blesa,2011,132
44043,Blesa,2010,121
44044,Bordón,2020,105
44044,Bordón,2019,100
44044,Bordón,2018,106
44044,Bordón,2017,108
44044,Bordón,2016,114
44044,Bordón,2015,117
44044,Bordón,2014,114
44044,Bordón,2013,120
44044,Bordón,2012,131
44044,Bordón,2011,146
44044,Bordón,2010,141
44045,Bronchales,2020,417
44045,Bronchales,2019,432
44045,Bronchales,2018,443
44045,Bronchales,2017,440
44045,Bronchales,2016,417
44045,Bronchales,2015,423
44045,Bronchales,2014,427
44045,Bronchales,2013,461
44045,Bronchales,2012,472
44045,Bronchales,2011,469
44045,Bronchales,2010,480
44046,Bueña,2020,49
44046,Bueña,2019,50
44046,Bueña,2018,63
44046,Bueña,2017,57
44046,Bueña,2016,53
44046,Bueña,2015,55
44046,Bueña,2014,62
44046,Bueña,2013,62
44046,Bueña,2012,63
44046,Bueña,2011,65
44046,Bueña,2010,67
44047,Burbáguena,2020,211
44047,Burbáguena,2019,249
44047,Burbáguena,2018,243
44047,Burbáguena,2017,254
44047,Burbáguena,2016,254
44047,Burbáguena,2015,254
44047,Burbáguena,2014,281
44047,Burbáguena,2013,294
44047,Burbáguena,2012,292
44047,Burbáguena,2011,300
44047,Burbáguena,2010,296
44048,Cabra de Mora,2020,51
44048,Cabra de Mora,2019,54
44048,Cabra de Mora,2018,55
44048,Cabra de Mora,2017,64
44048,Cabra de Mora,2016,68
44048,Cabra de Mora,2015,73
44048,Cabra de Mora,2014,70
44048,Cabra de Mora,2013,66
44048,Cabra de Mora,2012,79
44048,Cabra de Mora,2011,87
44048,Cabra de Mora,2010,88
44049,Calaceite,2020,978
44049,Calaceite,2019,994
44049,Calaceite,2018,1011
44049,Calaceite,2017,1038
44049,Calaceite,2016,1039
44049,Calaceite,2015,1052
44049,Calaceite,2014,1076
44049,Calaceite,2013,1106
44049,Calaceite,2012,1105
44049,Calaceite,2011,1143
44049,Calaceite,2010,1145
44050,Calamocha,2020,4429
44050,Calamocha,2019,4339
44050,Calamocha,2018,4319
44050,Calamocha,2017,4353
44050,Calamocha,2016,4368
44050,Calamocha,2015,4417
44050,Calamocha,2014,4469
44050,Calamocha,2013,4515
44050,Calamocha,2012,4579
44050,Calamocha,2011,4628
44050,Calamocha,2010,4649
44051,Calanda,2020,3822
44051,Calanda,2019,3748
44051,Calanda,2018,3708
44051,Calanda,2017,3729
44051,Calanda,2016,3846
44051,Calanda,2015,3893
44051,Calanda,2014,3920
44051,Calanda,2013,3949
44051,Calanda,2012,3956
44051,Calanda,2011,4004
44051,Calanda,2010,4004
44052,Calomarde,2020,74
44052,Calomarde,2019,75
44052,Calomarde,2018,74
44052,Calomarde,2017,78
44052,Calomarde,2016,80
44052,Calomarde,2015,87
44052,Calomarde,2014,88
44052,Calomarde,2013,84
44052,Calomarde,2012,90
44052,Calomarde,2011,103
44052,Calomarde,2010,84
44053,Camañas,2020,133
44053,Camañas,2019,134
44053,Camañas,2018,124
44053,Camañas,2017,129
44053,Camañas,2016,130
44053,Camañas,2015,125
44053,Camañas,2014,128
44053,Camañas,2013,127
44053,Camañas,2012,135
44053,Camañas,2011,125
44053,Camañas,2010,125
44054,Camarena de la Sierra,2020,107
44054,Camarena de la Sierra,2019,105
44054,Camarena de la Sierra,2018,113
44054,Camarena de la Sierra,2017,116
44054,Camarena de la Sierra,2016,127
44054,Camarena de la Sierra,2015,123
44054,Camarena de la Sierra,2014,137
44054,Camarena de la Sierra,2013,138
44054,Camarena de la Sierra,2012,145
44054,Camarena de la Sierra,2011,159
44054,Camarena de la Sierra,2010,165
44055,Camarillas,2020,92
44055,Camarillas,2019,100
44055,Camarillas,2018,86
44055,Camarillas,2017,89
44055,Camarillas,2016,94
44055,Camarillas,2015,99
44055,Camarillas,2014,103
44055,Camarillas,2013,110
44055,Camarillas,2012,117
44055,Camarillas,2011,130
44055,Camarillas,2010,119
44056,Caminreal,2020,615
44056,Caminreal,2019,620
44056,Caminreal,2018,619
44056,Caminreal,2017,616
44056,Caminreal,2016,637
44056,Caminreal,2015,659
44056,Caminreal,2014,684
44056,Caminreal,2013,724
44056,Caminreal,2012,735
44056,Caminreal,2011,718
44056,Caminreal,2010,758
44059,Cantavieja,2020,729
44059,Cantavieja,2019,709
44059,Cantavieja,2018,714
44059,Cantavieja,2017,717
44059,Cantavieja,2016,712
44059,Cantavieja,2015,741
44059,Cantavieja,2014,724
44059,Cantavieja,2013,724
44059,Cantavieja,2012,745
44059,Cantavieja,2011,757
44059,Cantavieja,2010,748
44060,Cañada de Benatanduz,2020,33
44060,Cañada de Benatanduz,2019,36
44060,Cañada de Benatanduz,2018,39
44060,Cañada de Benatanduz,2017,42
44060,Cañada de Benatanduz,2016,41
44060,Cañada de Benatanduz,2015,41
44060,Cañada de Benatanduz,2014,41
44060,Cañada de Benatanduz,2013,38
44060,Cañada de Benatanduz,2012,39
44060,Cañada de Benatanduz,2011,41
44060,Cañada de Benatanduz,2010,42
44061,Cañada de Verich,La,2020,92
44061,Cañada de Verich,La,2019,89
44061,Cañada de Verich,La,2018,87
44061,Cañada de Verich,La,2017,85
44061,Cañada de Verich,La,2016,94
44061,Cañada de Verich,La,2015,102
44061,Cañada de Verich,La,2014,102
44061,Cañada de Verich,La,2013,94
44061,Cañada de Verich,La,2012,106
44061,Cañada de Verich,La,2011,112
44061,Cañada de Verich,La,2010,111
44062,Cañada Vellida,2020,36
44062,Cañada Vellida,2019,31
44062,Cañada Vellida,2018,35
44062,Cañada Vellida,2017,35
44062,Cañada Vellida,2016,35
44062,Cañada Vellida,2015,36
44062,Cañada Vellida,2014,37
44062,Cañada Vellida,2013,38
44062,Cañada Vellida,2012,38
44062,Cañada Vellida,2011,40
44062,Cañada Vellida,2010,42
44063,Cañizar del Olivar,2020,100
44063,Cañizar del Olivar,2019,100
44063,Cañizar del Olivar,2018,98
44063,Cañizar del Olivar,2017,93
44063,Cañizar del Olivar,2016,94
44063,Cañizar del Olivar,2015,103
44063,Cañizar del Olivar,2014,99
44063,Cañizar del Olivar,2013,98
44063,Cañizar del Olivar,2012,110
44063,Cañizar del Olivar,2011,106
44063,Cañizar del Olivar,2010,109
44064,Cascante del Río,2020,67
44064,Cascante del Río,2019,67
44064,Cascante del Río,2018,71
44064,Cascante del Río,2017,73
44064,Cascante del Río,2016,74
44064,Cascante del Río,2015,80
44064,Cascante del Río,2014,82
44064,Cascante del Río,2013,80
44064,Cascante del Río,2012,91
44064,Cascante del Río,2011,102
44064,Cascante del Río,2010,79
44065,Castejón de Tornos,2020,55
44065,Castejón de Tornos,2019,60
44065,Castejón de Tornos,2018,62
44065,Castejón de Tornos,2017,62
44065,Castejón de Tornos,2016,62
44065,Castejón de Tornos,2015,60
44065,Castejón de Tornos,2014,63
44065,Castejón de Tornos,2013,66
44065,Castejón de Tornos,2012,64
44065,Castejón de Tornos,2011,68
44065,Castejón de Tornos,2010,70
44066,Castel de Cabra,2020,93
44066,Castel de Cabra,2019,96
44066,Castel de Cabra,2018,104
44066,Castel de Cabra,2017,112
44066,Castel de Cabra,2016,120
44066,Castel de Cabra,2015,122
44066,Castel de Cabra,2014,128
44066,Castel de Cabra,2013,131
44066,Castel de Cabra,2012,138
44066,Castel de Cabra,2011,140
44066,Castel de Cabra,2010,140
44070,Castellar,El,2020,55
44070,Castellar,El,2019,58
44070,Castellar,El,2018,52
44070,Castellar,El,2017,54
44070,Castellar,El,2016,56
44070,Castellar,El,2015,58
44070,Castellar,El,2014,60
44070,Castellar,El,2013,62
44070,Castellar,El,2012,64
44070,Castellar,El,2011,69
44070,Castellar,El,2010,68
44071,Castellote,2020,676
44071,Castellote,2019,681
44071,Castellote,2018,676
44071,Castellote,2017,688
44071,Castellote,2016,706
44071,Castellote,2015,728
44071,Castellote,2014,754
44071,Castellote,2013,782
44071,Castellote,2012,794
44071,Castellote,2011,805
44071,Castellote,2010,804
44067,Castelnou,2020,134
44067,Castelnou,2019,141
44067,Castelnou,2018,160
44067,Castelnou,2017,146
44067,Castelnou,2016,137
44067,Castelnou,2015,142
44067,Castelnou,2014,140
44067,Castelnou,2013,152
44067,Castelnou,2012,177
44067,Castelnou,2011,120
44067,Castelnou,2010,120
44068,Castelserás,2020,800
44068,Castelserás,2019,815
44068,Castelserás,2018,831
44068,Castelserás,2017,823
44068,Castelserás,2016,827
44068,Castelserás,2015,840
44068,Castelserás,2014,830
44068,Castelserás,2013,833
44068,Castelserás,2012,834
44068,Castelserás,2011,832
44068,Castelserás,2010,831
44074,Cedrillas,2020,639
44074,Cedrillas,2019,664
44074,Cedrillas,2018,630
44074,Cedrillas,2017,611
44074,Cedrillas,2016,619
44074,Cedrillas,2015,619
44074,Cedrillas,2014,619
44074,Cedrillas,2013,630
44074,Cedrillas,2012,631
44074,Cedrillas,2011,620
44074,Cedrillas,2010,623
44075,Celadas,2020,367
44075,Celadas,2019,388
44075,Celadas,2018,396
44075,Celadas,2017,408
44075,Celadas,2016,403
44075,Celadas,2015,398
44075,Celadas,2014,399
44075,Celadas,2013,404
44075,Celadas,2012,406
44075,Celadas,2011,434
44075,Celadas,2010,440
44076,Cella,2020,2571
44076,Cella,2019,2574
44076,Cella,2018,2606
44076,Cella,2017,2640
44076,Cella,2016,2673
44076,Cella,2015,2776
44076,Cella,2014,2818
44076,Cella,2013,2886
44076,Cella,2012,2878
44076,Cella,2011,2905
44076,Cella,2010,2951
44077,Cerollera,La,2020,88
44077,Cerollera,La,2019,93
44077,Cerollera,La,2018,100
44077,Cerollera,La,2017,98
44077,Cerollera,La,2016,96
44077,Cerollera,La,2015,106
44077,Cerollera,La,2014,106
44077,Cerollera,La,2013,104
44077,Cerollera,La,2012,116
44077,Cerollera,La,2011,103
44077,Cerollera,La,2010,113
44080,Codoñera,La,2020,319
44080,Codoñera,La,2019,336
44080,Codoñera,La,2018,344
44080,Codoñera,La,2017,362
44080,Codoñera,La,2016,368
44080,Codoñera,La,2015,365
44080,Codoñera,La,2014,374
44080,Codoñera,La,2013,368
44080,Codoñera,La,2012,377
44080,Codoñera,La,2011,387
44080,Codoñera,La,2010,397
44082,Corbalán,2020,109
44082,Corbalán,2019,107
44082,Corbalán,2018,109
44082,Corbalán,2017,109
44082,Corbalán,2016,109
44082,Corbalán,2015,110
44082,Corbalán,2014,106
44082,Corbalán,2013,109
44082,Corbalán,2012,107
44082,Corbalán,2011,102
44082,Corbalán,2010,99
44084,Cortes de Aragón,2020,60
44084,Cortes de Aragón,2019,61
44084,Cortes de Aragón,2018,61
44084,Cortes de Aragón,2017,57
44084,Cortes de Aragón,2016,63
44084,Cortes de Aragón,2015,58
44084,Cortes de Aragón,2014,61
44084,Cortes de Aragón,2013,57
44084,Cortes de Aragón,2012,72
44084,Cortes de Aragón,2011,76
44084,Cortes de Aragón,2010,75
44085,Cosa,2020,51
44085,Cosa,2019,50
44085,Cosa,2018,52
44085,Cosa,2017,55
44085,Cosa,2016,55
44085,Cosa,2015,57
44085,Cosa,2014,56
44085,Cosa,2013,60
44085,Cosa,2012,61
44085,Cosa,2011,60
44085,Cosa,2010,64
44086,Cretas,2020,554
44086,Cretas,2019,567
44086,Cretas,2018,571
44086,Cretas,2017,572
44086,Cretas,2016,554
44086,Cretas,2015,573
44086,Cretas,2014,601
44086,Cretas,2013,597
44086,Cretas,2012,598
44086,Cretas,2011,607
44086,Cretas,2010,618
44087,Crivillén,2020,86
44087,Crivillén,2019,62
44087,Crivillén,2018,68
44087,Crivillén,2017,71
44087,Crivillén,2016,71
44087,Crivillén,2015,74
44087,Crivillén,2014,75
44087,Crivillén,2013,76
44087,Crivillén,2012,88
44087,Crivillén,2011,92
44087,Crivillén,2010,93
44088,Cuba,La,2020,43
44088,Cuba,La,2019,43
44088,Cuba,La,2018,41
44088,Cuba,La,2017,36
44088,Cuba,La,2016,38
44088,Cuba,La,2015,37
44088,Cuba,La,2014,45
44088,Cuba,La,2013,47
44088,Cuba,La,2012,50
44088,Cuba,La,2011,52
44088,Cuba,La,2010,52
44089,Cubla,2020,55
44089,Cubla,2019,58
44089,Cubla,2018,54
44089,Cubla,2017,55
44089,Cubla,2016,52
44089,Cubla,2015,54
44089,Cubla,2014,55
44089,Cubla,2013,61
44089,Cubla,2012,62
44089,Cubla,2011,68
44089,Cubla,2010,61
44090,Cucalón,2020,78
44090,Cucalón,2019,78
44090,Cucalón,2018,80
44090,Cucalón,2017,91
44090,Cucalón,2016,96
44090,Cucalón,2015,104
44090,Cucalón,2014,103
44090,Cucalón,2013,110
44090,Cucalón,2012,108
44090,Cucalón,2011,101
44090,Cucalón,2010,102
44092,Cuervo,El,2020,80
44092,Cuervo,El,2019,78
44092,Cuervo,El,2018,86
44092,Cuervo,El,2017,93
44092,Cuervo,El,2016,89
44092,Cuervo,El,2015,87
44092,Cuervo,El,2014,85
44092,Cuervo,El,2013,98
44092,Cuervo,El,2012,91
44092,Cuervo,El,2011,101
44092,Cuervo,El,2010,107
44093,Cuevas de Almudén,2020,118
44093,Cuevas de Almudén,2019,126
44093,Cuevas de Almudén,2018,122
44093,Cuevas de Almudén,2017,138
44093,Cuevas de Almudén,2016,141
44093,Cuevas de Almudén,2015,140
44093,Cuevas de Almudén,2014,145
44093,Cuevas de Almudén,2013,141
44093,Cuevas de Almudén,2012,148
44093,Cuevas de Almudén,2011,141
44093,Cuevas de Almudén,2010,133
44094,Cuevas Labradas,2020,137
44094,Cuevas Labradas,2019,132
44094,Cuevas Labradas,2018,131
44094,Cuevas Labradas,2017,126
44094,Cuevas Labradas,2016,127
44094,Cuevas Labradas,2015,123
44094,Cuevas Labradas,2014,127
44094,Cuevas Labradas,2013,135
44094,Cuevas Labradas,2012,128
44094,Cuevas Labradas,2011,135
44094,Cuevas Labradas,2010,141
44096,Ejulve,2020,177
44096,Ejulve,2019,175
44096,Ejulve,2018,180
44096,Ejulve,2017,187
44096,Ejulve,2016,189
44096,Ejulve,2015,200
44096,Ejulve,2014,194
44096,Ejulve,2013,204
44096,Ejulve,2012,208
44096,Ejulve,2011,203
44096,Ejulve,2010,198
44097,Escorihuela,2020,136
44097,Escorihuela,2019,136
44097,Escorihuela,2018,139
44097,Escorihuela,2017,147
44097,Escorihuela,2016,152
44097,Escorihuela,2015,158
44097,Escorihuela,2014,160
44097,Escorihuela,2013,162
44097,Escorihuela,2012,177
44097,Escorihuela,2011,183
44097,Escorihuela,2010,185
44099,Escucha,2020,801
44099,Escucha,2019,852
44099,Escucha,2018,885
44099,Escucha,2017,913
44099,Escucha,2016,954
44099,Escucha,2015,953
44099,Escucha,2014,981
44099,Escucha,2013,1003
44099,Escucha,2012,995
44099,Escucha,2011,1019
44099,Escucha,2010,1015
44100,Estercuel,2020,205
44100,Estercuel,2019,203
44100,Estercuel,2018,210
44100,Estercuel,2017,223
44100,Estercuel,2016,237
44100,Estercuel,2015,229
44100,Estercuel,2014,230
44100,Estercuel,2013,261
44100,Estercuel,2012,259
44100,Estercuel,2011,272
44100,Estercuel,2010,271
44101,Ferreruela de Huerva,2020,64
44101,Ferreruela de Huerva,2019,56
44101,Ferreruela de Huerva,2018,63
44101,Ferreruela de Huerva,2017,65
44101,Ferreruela de Huerva,2016,67
44101,Ferreruela de Huerva,2015,69
44101,Ferreruela de Huerva,2014,64
44101,Ferreruela de Huerva,2013,67
44101,Ferreruela de Huerva,2012,70
44101,Ferreruela de Huerva,2011,68
44101,Ferreruela de Huerva,2010,74
44102,Fonfría,2020,26
44102,Fonfría,2019,27
44102,Fonfría,2018,28
44102,Fonfría,2017,30
44102,Fonfría,2016,31
44102,Fonfría,2015,31
44102,Fonfría,2014,30
44102,Fonfría,2013,30
44102,Fonfría,2012,30
44102,Fonfría,2011,30
44102,Fonfría,2010,30
44103,Formiche Alto,2020,148
44103,Formiche Alto,2019,141
44103,Formiche Alto,2018,151
44103,Formiche Alto,2017,155
44103,Formiche Alto,2016,164
44103,Formiche Alto,2015,180
44103,Formiche Alto,2014,168
44103,Formiche Alto,2013,170
44103,Formiche Alto,2012,175
44103,Formiche Alto,2011,181
44103,Formiche Alto,2010,190
44105,Fórnoles,2020,74
44105,Fórnoles,2019,80
44105,Fórnoles,2018,75
44105,Fórnoles,2017,78
44105,Fórnoles,2016,86
44105,Fórnoles,2015,86
44105,Fórnoles,2014,78
44105,Fórnoles,2013,93
44105,Fórnoles,2012,105
44105,Fórnoles,2011,102
44105,Fórnoles,2010,103
44106,Fortanete,2020,202
44106,Fortanete,2019,205
44106,Fortanete,2018,205
44106,Fortanete,2017,203
44106,Fortanete,2016,204
44106,Fortanete,2015,203
44106,Fortanete,2014,201
44106,Fortanete,2013,208
44106,Fortanete,2012,222
44106,Fortanete,2011,223
44106,Fortanete,2010,224
44107,Foz-Calanda,2020,258
44107,Foz-Calanda,2019,245
44107,Foz-Calanda,2018,238
44107,Foz-Calanda,2017,260
44107,Foz-Calanda,2016,264
44107,Foz-Calanda,2015,269
44107,Foz-Calanda,2014,269
44107,Foz-Calanda,2013,269
44107,Foz-Calanda,2012,279
44107,Foz-Calanda,2011,293
44107,Foz-Calanda,2010,296
44108,Fresneda,La,2020,443
44108,Fresneda,La,2019,438
44108,Fresneda,La,2018,443
44108,Fresneda,La,2017,436
44108,Fresneda,La,2016,470
44108,Fresneda,La,2015,474
44108,Fresneda,La,2014,468
44108,Fresneda,La,2013,495
44108,Fresneda,La,2012,486
44108,Fresneda,La,2011,499
44108,Fresneda,La,2010,511
44109,Frías de Albarracín,2020,104
44109,Frías de Albarracín,2019,115
44109,Frías de Albarracín,2018,116
44109,Frías de Albarracín,2017,125
44109,Frías de Albarracín,2016,130
44109,Frías de Albarracín,2015,131
44109,Frías de Albarracín,2014,144
44109,Frías de Albarracín,2013,143
44109,Frías de Albarracín,2012,151
44109,Frías de Albarracín,2011,152
44109,Frías de Albarracín,2010,156
44110,Fuenferrada,2020,36
44110,Fuenferrada,2019,37
44110,Fuenferrada,2018,42
44110,Fuenferrada,2017,51
44110,Fuenferrada,2016,56
44110,Fuenferrada,2015,57
44110,Fuenferrada,2014,62
44110,Fuenferrada,2013,61
44110,Fuenferrada,2012,62
44110,Fuenferrada,2011,62
44110,Fuenferrada,2010,37
44111,Fuentes Calientes,2020,91
44111,Fuentes Calientes,2019,92
44111,Fuentes Calientes,2018,101
44111,Fuentes Calientes,2017,111
44111,Fuentes Calientes,2016,105
44111,Fuentes Calientes,2015,93
44111,Fuentes Calientes,2014,111
44111,Fuentes Calientes,2013,113
44111,Fuentes Calientes,2012,116
44111,Fuentes Calientes,2011,119
44111,Fuentes Calientes,2010,119
44112,Fuentes Claras,2020,445
44112,Fuentes Claras,2019,461
44112,Fuentes Claras,2018,461
44112,Fuentes Claras,2017,482
44112,Fuentes Claras,2016,494
44112,Fuentes Claras,2015,528
44112,Fuentes Claras,2014,531
44112,Fuentes Claras,2013,553
44112,Fuentes Claras,2012,576
44112,Fuentes Claras,2011,582
44112,Fuentes Claras,2010,590
44113,Fuentes de Rubielos,2020,124
44113,Fuentes de Rubielos,2019,118
44113,Fuentes de Rubielos,2018,114
44113,Fuentes de Rubielos,2017,112
44113,Fuentes de Rubielos,2016,114
44113,Fuentes de Rubielos,2015,121
44113,Fuentes de Rubielos,2014,121
44113,Fuentes de Rubielos,2013,128
44113,Fuentes de Rubielos,2012,125
44113,Fuentes de Rubielos,2011,134
44113,Fuentes de Rubielos,2010,127
44114,Fuentespalda,2020,282
44114,Fuentespalda,2019,284
44114,Fuentespalda,2018,286
44114,Fuentespalda,2017,298
44114,Fuentespalda,2016,291
44114,Fuentespalda,2015,285
44114,Fuentespalda,2014,299
44114,Fuentespalda,2013,308
44114,Fuentespalda,2012,317
44114,Fuentespalda,2011,326
44114,Fuentespalda,2010,341
44115,Galve,2020,160
44115,Galve,2019,162
44115,Galve,2018,161
44115,Galve,2017,162
44115,Galve,2016,159
44115,Galve,2015,167
44115,Galve,2014,164
44115,Galve,2013,168
44115,Galve,2012,170
44115,Galve,2011,151
44115,Galve,2010,154
44116,Gargallo,2020,97
44116,Gargallo,2019,93
44116,Gargallo,2018,89
44116,Gargallo,2017,101
44116,Gargallo,2016,102
44116,Gargallo,2015,103
44116,Gargallo,2014,110
44116,Gargallo,2013,122
44116,Gargallo,2012,122
44116,Gargallo,2011,125
44116,Gargallo,2010,118
44117,Gea de Albarracín,2020,370
44117,Gea de Albarracín,2019,360
44117,Gea de Albarracín,2018,376
44117,Gea de Albarracín,2017,372
44117,Gea de Albarracín,2016,374
44117,Gea de Albarracín,2015,387
44117,Gea de Albarracín,2014,397
44117,Gea de Albarracín,2013,410
44117,Gea de Albarracín,2012,405
44117,Gea de Albarracín,2011,415
44117,Gea de Albarracín,2010,430
44118,Ginebrosa,La,2020,197
44118,Ginebrosa,La,2019,194
44118,Ginebrosa,La,2018,200
44118,Ginebrosa,La,2017,197
44118,Ginebrosa,La,2016,199
44118,Ginebrosa,La,2015,203
44118,Ginebrosa,La,2014,206
44118,Ginebrosa,La,2013,216
44118,Ginebrosa,La,2012,216
44118,Ginebrosa,La,2011,230
44118,Ginebrosa,La,2010,229
44119,Griegos,2020,138
44119,Griegos,2019,136
44119,Griegos,2018,143
44119,Griegos,2017,151
44119,Griegos,2016,160
44119,Griegos,2015,157
44119,Griegos,2014,142
44119,Griegos,2013,139
44119,Griegos,2012,143
44119,Griegos,2011,141
44119,Griegos,2010,134
44120,Guadalaviar,2020,244
44120,Guadalaviar,2019,241
44120,Guadalaviar,2018,242
44120,Guadalaviar,2017,241
44120,Guadalaviar,2016,245
44120,Guadalaviar,2015,247
44120,Guadalaviar,2014,248
44120,Guadalaviar,2013,245
44120,Guadalaviar,2012,236
44120,Guadalaviar,2011,247
44120,Guadalaviar,2010,243
44121,Gúdar,2020,77
44121,Gúdar,2019,76
44121,Gúdar,2018,72
44121,Gúdar,2017,81
44121,Gúdar,2016,73
44121,Gúdar,2015,77
44121,Gúdar,2014,76
44121,Gúdar,2013,84
44121,Gúdar,2012,77
44121,Gúdar,2011,82
44121,Gúdar,2010,84
44122,Híjar,2020,1754
44122,Híjar,2019,1721
44122,Híjar,2018,1709
44122,Híjar,2017,1697
44122,Híjar,2016,1724
44122,Híjar,2015,1761
44122,Híjar,2014,1763
44122,Híjar,2013,1774
44122,Híjar,2012,1806
44122,Híjar,2011,1872
44122,Híjar,2010,1899
44123,Hinojosa de Jarque,2020,112
44123,Hinojosa de Jarque,2019,111
44123,Hinojosa de Jarque,2018,119
44123,Hinojosa de Jarque,2017,132
44123,Hinojosa de Jarque,2016,131
44123,Hinojosa de Jarque,2015,136
44123,Hinojosa de Jarque,2014,136
44123,Hinojosa de Jarque,2013,146
44123,Hinojosa de Jarque,2012,151
44123,Hinojosa de Jarque,2011,150
44123,Hinojosa de Jarque,2010,151
44124,Hoz de la Vieja,La,2020,81
44124,Hoz de la Vieja,La,2019,83
44124,Hoz de la Vieja,La,2018,85
44124,Hoz de la Vieja,La,2017,86
44124,Hoz de la Vieja,La,2016,79
44124,Hoz de la Vieja,La,2015,82
44124,Hoz de la Vieja,La,2014,81
44124,Hoz de la Vieja,La,2013,83
44124,Hoz de la Vieja,La,2012,79
44124,Hoz de la Vieja,La,2011,89
44124,Hoz de la Vieja,La,2010,88
44125,Huesa del Común,2020,69
44125,Huesa del Común,2019,73
44125,Huesa del Común,2018,67
44125,Huesa del Común,2017,67
44125,Huesa del Común,2016,69
44125,Huesa del Común,2015,73
44125,Huesa del Común,2014,73
44125,Huesa del Común,2013,82
44125,Huesa del Común,2012,86
44125,Huesa del Común,2011,92
44125,Huesa del Común,2010,90
44126,Iglesuela del Cid,La,2020,402
44126,Iglesuela del Cid,La,2019,410
44126,Iglesuela del Cid,La,2018,414
44126,Iglesuela del Cid,La,2017,414
44126,Iglesuela del Cid,La,2016,424
44126,Iglesuela del Cid,La,2015,432
44126,Iglesuela del Cid,La,2014,462
44126,Iglesuela del Cid,La,2013,469
44126,Iglesuela del Cid,La,2012,496
44126,Iglesuela del Cid,La,2011,501
44126,Iglesuela del Cid,La,2010,505
44127,Jabaloyas,2020,59
44127,Jabaloyas,2019,63
44127,Jabaloyas,2018,65
44127,Jabaloyas,2017,68
44127,Jabaloyas,2016,77
44127,Jabaloyas,2015,77
44127,Jabaloyas,2014,73
44127,Jabaloyas,2013,78
44127,Jabaloyas,2012,83
44127,Jabaloyas,2011,90
44127,Jabaloyas,2010,81
44128,Jarque de la Val,2020,62
44128,Jarque de la Val,2019,66
44128,Jarque de la Val,2018,70
44128,Jarque de la Val,2017,72
44128,Jarque de la Val,2016,74
44128,Jarque de la Val,2015,78
44128,Jarque de la Val,2014,82
44128,Jarque de la Val,2013,87
44128,Jarque de la Val,2012,91
44128,Jarque de la Val,2011,89
44128,Jarque de la Val,2010,90
44129,Jatiel,2020,39
44129,Jatiel,2019,37
44129,Jatiel,2018,40
44129,Jatiel,2017,41
44129,Jatiel,2016,42
44129,Jatiel,2015,48
44129,Jatiel,2014,48
44129,Jatiel,2013,50
44129,Jatiel,2012,49
44129,Jatiel,2011,52
44129,Jatiel,2010,52
44130,Jorcas,2020,29
44130,Jorcas,2019,30
44130,Jorcas,2018,34
44130,Jorcas,2017,32
44130,Jorcas,2016,38
44130,Jorcas,2015,41
44130,Jorcas,2014,37
44130,Jorcas,2013,38
44130,Jorcas,2012,41
44130,Jorcas,2011,44
44130,Jorcas,2010,43
44131,Josa,2020,34
44131,Josa,2019,34
44131,Josa,2018,34
44131,Josa,2017,32
44131,Josa,2016,34
44131,Josa,2015,36
44131,Josa,2014,36
44131,Josa,2013,36
44131,Josa,2012,38
44131,Josa,2011,38
44131,Josa,2010,34
44132,Lagueruela,2020,69
44132,Lagueruela,2019,73
44132,Lagueruela,2018,78
44132,Lagueruela,2017,84
44132,Lagueruela,2016,79
44132,Lagueruela,2015,81
44132,Lagueruela,2014,78
44132,Lagueruela,2013,72
44132,Lagueruela,2012,69
44132,Lagueruela,2011,68
44132,Lagueruela,2010,62
44133,Lanzuela,2020,22
44133,Lanzuela,2019,22
44133,Lanzuela,2018,24
44133,Lanzuela,2017,27
44133,Lanzuela,2016,27
44133,Lanzuela,2015,29
44133,Lanzuela,2014,30
44133,Lanzuela,2013,27
44133,Lanzuela,2012,28
44133,Lanzuela,2011,27
44133,Lanzuela,2010,25
44135,Libros,2020,100
44135,Libros,2019,102
44135,Libros,2018,101
44135,Libros,2017,103
44135,Libros,2016,113
44135,Libros,2015,124
44135,Libros,2014,129
44135,Libros,2013,137
44135,Libros,2012,141
44135,Libros,2011,156
44135,Libros,2010,153
44136,Lidón,2020,54
44136,Lidón,2019,57
44136,Lidón,2018,55
44136,Lidón,2017,53
44136,Lidón,2016,55
44136,Lidón,2015,52
44136,Lidón,2014,54
44136,Lidón,2013,54
44136,Lidón,2012,55
44136,Lidón,2011,56
44136,Lidón,2010,57
44137,Linares de Mora,2020,225
44137,Linares de Mora,2019,234
44137,Linares de Mora,2018,249
44137,Linares de Mora,2017,260
44137,Linares de Mora,2016,267
44137,Linares de Mora,2015,287
44137,Linares de Mora,2014,274
44137,Linares de Mora,2013,276
44137,Linares de Mora,2012,296
44137,Linares de Mora,2011,300
44137,Linares de Mora,2010,313
44141,Lledó,2020,155
44141,Lledó,2019,159
44141,Lledó,2018,172
44141,Lledó,2017,166
44141,Lledó,2016,163
44141,Lledó,2015,169
44141,Lledó,2014,169
44141,Lledó,2013,172
44141,Lledó,2012,169
44141,Lledó,2011,168
44141,Lledó,2010,170
44138,Loscos,2020,125
44138,Loscos,2019,122
44138,Loscos,2018,129
44138,Loscos,2017,139
44138,Loscos,2016,138
44138,Loscos,2015,151
44138,Loscos,2014,154
44138,Loscos,2013,156
44138,Loscos,2012,175
44138,Loscos,2011,179
44138,Loscos,2010,177
44142,Maicas,2020,31
44142,Maicas,2019,28
44142,Maicas,2018,27
44142,Maicas,2017,31
44142,Maicas,2016,35
44142,Maicas,2015,36
44142,Maicas,2014,35
44142,Maicas,2013,36
44142,Maicas,2012,38
44142,Maicas,2011,39
44142,Maicas,2010,42
44143,Manzanera,2020,516
44143,Manzanera,2019,531
44143,Manzanera,2018,519
44143,Manzanera,2017,512
44143,Manzanera,2016,502
44143,Manzanera,2015,510
44143,Manzanera,2014,526
44143,Manzanera,2013,539
44143,Manzanera,2012,554
44143,Manzanera,2011,562
44143,Manzanera,2010,551
44144,Martín del Río,2020,387
44144,Martín del Río,2019,401
44144,Martín del Río,2018,417
44144,Martín del Río,2017,432
44144,Martín del Río,2016,429
44144,Martín del Río,2015,441
44144,Martín del Río,2014,437
44144,Martín del Río,2013,437
44144,Martín del Río,2012,429
44144,Martín del Río,2011,432
44144,Martín del Río,2010,469
44145,Mas de las Matas,2020,1258
44145,Mas de las Matas,2019,1262
44145,Mas de las Matas,2018,1272
44145,Mas de las Matas,2017,1270
44145,Mas de las Matas,2016,1302
44145,Mas de las Matas,2015,1318
44145,Mas de las Matas,2014,1324
44145,Mas de las Matas,2013,1349
44145,Mas de las Matas,2012,1360
44145,Mas de las Matas,2011,1387
44145,Mas de las Matas,2010,1415
44146,Mata de los Olmos,La,2020,261
44146,Mata de los Olmos,La,2019,257
44146,Mata de los Olmos,La,2018,265
44146,Mata de los Olmos,La,2017,272
44146,Mata de los Olmos,La,2016,263
44146,Mata de los Olmos,La,2015,261
44146,Mata de los Olmos,La,2014,268
44146,Mata de los Olmos,La,2013,280
44146,Mata de los Olmos,La,2012,281
44146,Mata de los Olmos,La,2011,283
44146,Mata de los Olmos,La,2010,289
44147,Mazaleón,2020,511
44147,Mazaleón,2019,522
44147,Mazaleón,2018,539
44147,Mazaleón,2017,543
44147,Mazaleón,2016,540
44147,Mazaleón,2015,534
44147,Mazaleón,2014,540
44147,Mazaleón,2013,558
44147,Mazaleón,2012,567
44147,Mazaleón,2011,564
44147,Mazaleón,2010,586
44148,Mezquita de Jarque,2020,89
44148,Mezquita de Jarque,2019,96
44148,Mezquita de Jarque,2018,98
44148,Mezquita de Jarque,2017,102
44148,Mezquita de Jarque,2016,109
44148,Mezquita de Jarque,2015,115
44148,Mezquita de Jarque,2014,117
44148,Mezquita de Jarque,2013,121
44148,Mezquita de Jarque,2012,118
44148,Mezquita de Jarque,2011,117
44148,Mezquita de Jarque,2010,120
44149,Mirambel,2020,116
44149,Mirambel,2019,116
44149,Mirambel,2018,116
44149,Mirambel,2017,119
44149,Mirambel,2016,122
44149,Mirambel,2015,119
44149,Mirambel,2014,117
44149,Mirambel,2013,113
44149,Mirambel,2012,129
44149,Mirambel,2011,133
44149,Mirambel,2010,125
44150,Miravete de la Sierra,2020,38
44150,Miravete de la Sierra,2019,31
44150,Miravete de la Sierra,2018,35
44150,Miravete de la Sierra,2017,31
44150,Miravete de la Sierra,2016,28
44150,Miravete de la Sierra,2015,29
44150,Miravete de la Sierra,2014,34
44150,Miravete de la Sierra,2013,29
44150,Miravete de la Sierra,2012,33
44150,Miravete de la Sierra,2011,33
44150,Miravete de la Sierra,2010,38
44151,Molinos,2020,222
44151,Molinos,2019,239
44151,Molinos,2018,243
44151,Molinos,2017,245
44151,Molinos,2016,251
44151,Molinos,2015,258
44151,Molinos,2014,264
44151,Molinos,2013,276
44151,Molinos,2012,286
44151,Molinos,2011,283
44151,Molinos,2010,303
44152,Monforte de Moyuela,2020,71
44152,Monforte de Moyuela,2019,67
44152,Monforte de Moyuela,2018,65
44152,Monforte de Moyuela,2017,64
44152,Monforte de Moyuela,2016,66
44152,Monforte de Moyuela,2015,66
44152,Monforte de Moyuela,2014,63
44152,Monforte de Moyuela,2013,66
44152,Monforte de Moyuela,2012,63
44152,Monforte de Moyuela,2011,64
44152,Monforte de Moyuela,2010,69
44153,Monreal del Campo,2020,2487
44153,Monreal del Campo,2019,2434
44153,Monreal del Campo,2018,2433
44153,Monreal del Campo,2017,2478
44153,Monreal del Campo,2016,2526
44153,Monreal del Campo,2015,2611
44153,Monreal del Campo,2014,2636
44153,Monreal del Campo,2013,2680
44153,Monreal del Campo,2012,2709
44153,Monreal del Campo,2011,2768
44153,Monreal del Campo,2010,2765
44154,Monroyo,2020,332
44154,Monroyo,2019,340
44154,Monroyo,2018,340
44154,Monroyo,2017,335
44154,Monroyo,2016,338
44154,Monroyo,2015,360
44154,Monroyo,2014,364
44154,Monroyo,2013,367
44154,Monroyo,2012,390
44154,Monroyo,2011,394
44154,Monroyo,2010,379
44155,Montalbán,2020,1245
44155,Montalbán,2019,1233
44155,Montalbán,2018,1243
44155,Montalbán,2017,1256
44155,Montalbán,2016,1281
44155,Montalbán,2015,1327
44155,Montalbán,2014,1335
44155,Montalbán,2013,1341
44155,Montalbán,2012,1350
44155,Montalbán,2011,1392
44155,Montalbán,2010,1408
44156,Monteagudo del Castillo,2020,49
44156,Monteagudo del Castillo,2019,54
44156,Monteagudo del Castillo,2018,50
44156,Monteagudo del Castillo,2017,51
44156,Monteagudo del Castillo,2016,52
44156,Monteagudo del Castillo,2015,52
44156,Monteagudo del Castillo,2014,55
44156,Monteagudo del Castillo,2013,59
44156,Monteagudo del Castillo,2012,67
44156,Monteagudo del Castillo,2011,66
44156,Monteagudo del Castillo,2010,71
44157,Monterde de Albarracín,2020,56
44157,Monterde de Albarracín,2019,64
44157,Monterde de Albarracín,2018,63
44157,Monterde de Albarracín,2017,62
44157,Monterde de Albarracín,2016,66
44157,Monterde de Albarracín,2015,69
44157,Monterde de Albarracín,2014,73
44157,Monterde de Albarracín,2013,62
44157,Monterde de Albarracín,2012,66
44157,Monterde de Albarracín,2011,64
44157,Monterde de Albarracín,2010,69
44158,Mora de Rubielos,2020,1512
44158,Mora de Rubielos,2019,1548
44158,Mora de Rubielos,2018,1541
44158,Mora de Rubielos,2017,1565
44158,Mora de Rubielos,2016,1574
44158,Mora de Rubielos,2015,1585
44158,Mora de Rubielos,2014,1612
44158,Mora de Rubielos,2013,1632
44158,Mora de Rubielos,2012,1649
44158,Mora de Rubielos,2011,1666
44158,Mora de Rubielos,2010,1706
44159,Moscardón,2020,55
44159,Moscardón,2019,54
44159,Moscardón,2018,55
44159,Moscardón,2017,57
44159,Moscardón,2016,56
44159,Moscardón,2015,58
44159,Moscardón,2014,60
44159,Moscardón,2013,62
44159,Moscardón,2012,64
44159,Moscardón,2011,67
44159,Moscardón,2010,71
44160,Mosqueruela,2020,532
44160,Mosqueruela,2019,537
44160,Mosqueruela,2018,551
44160,Mosqueruela,2017,558
44160,Mosqueruela,2016,581
44160,Mosqueruela,2015,593
44160,Mosqueruela,2014,601
44160,Mosqueruela,2013,607
44160,Mosqueruela,2012,621
44160,Mosqueruela,2011,625
44160,Mosqueruela,2010,608
44161,Muniesa,2020,583
44161,Muniesa,2019,583
44161,Muniesa,2018,599
44161,Muniesa,2017,630
44161,Muniesa,2016,629
44161,Muniesa,2015,635
44161,Muniesa,2014,638
44161,Muniesa,2013,640
44161,Muniesa,2012,653
44161,Muniesa,2011,665
44161,Muniesa,2010,669
44163,Noguera de Albarracín,2020,139
44163,Noguera de Albarracín,2019,140
44163,Noguera de Albarracín,2018,133
44163,Noguera de Albarracín,2017,134
44163,Noguera de Albarracín,2016,146
44163,Noguera de Albarracín,2015,151
44163,Noguera de Albarracín,2014,137
44163,Noguera de Albarracín,2013,146
44163,Noguera de Albarracín,2012,152
44163,Noguera de Albarracín,2011,148
44163,Noguera de Albarracín,2010,134
44164,Nogueras,2020,21
44164,Nogueras,2019,22
44164,Nogueras,2018,25
44164,Nogueras,2017,28
44164,Nogueras,2016,29
44164,Nogueras,2015,29
44164,Nogueras,2014,30
44164,Nogueras,2013,30
44164,Nogueras,2012,31
44164,Nogueras,2011,36
44164,Nogueras,2010,35
44165,Nogueruelas,2020,210
44165,Nogueruelas,2019,217
44165,Nogueruelas,2018,217
44165,Nogueruelas,2017,211
44165,Nogueruelas,2016,214
44165,Nogueruelas,2015,207
44165,Nogueruelas,2014,214
44165,Nogueruelas,2013,210
44165,Nogueruelas,2012,219
44165,Nogueruelas,2011,215
44165,Nogueruelas,2010,237
44167,Obón,2020,34
44167,Obón,2019,44
44167,Obón,2018,45
44167,Obón,2017,44
44167,Obón,2016,44
44167,Obón,2015,48
44167,Obón,2014,42
44167,Obón,2013,38
44167,Obón,2012,39
44167,Obón,2011,38
44167,Obón,2010,36
44168,Odón,2020,203
44168,Odón,2019,206
44168,Odón,2018,205
44168,Odón,2017,217
44168,Odón,2016,225
44168,Odón,2015,226
44168,Odón,2014,237
44168,Odón,2013,228
44168,Odón,2012,229
44168,Odón,2011,221
44168,Odón,2010,220
44169,Ojos Negros,2020,341
44169,Ojos Negros,2019,360
44169,Ojos Negros,2018,377
44169,Ojos Negros,2017,393
44169,Ojos Negros,2016,405
44169,Ojos Negros,2015,413
44169,Ojos Negros,2014,421
44169,Ojos Negros,2013,435
44169,Ojos Negros,2012,445
44169,Ojos Negros,2011,473
44169,Ojos Negros,2010,489
44171,Olba,2020,233
44171,Olba,2019,228
44171,Olba,2018,226
44171,Olba,2017,227
44171,Olba,2016,230
44171,Olba,2015,240
44171,Olba,2014,263
44171,Olba,2013,250
44171,Olba,2012,249
44171,Olba,2011,238
44171,Olba,2010,237
44172,Oliete,2020,343
44172,Oliete,2019,351
44172,Oliete,2018,364
44172,Oliete,2017,357
44172,Oliete,2016,365
44172,Oliete,2015,412
44172,Oliete,2014,422
44172,Oliete,2013,430
44172,Oliete,2012,459
44172,Oliete,2011,470
44172,Oliete,2010,479
44173,Olmos,Los,2020,118
44173,Olmos,Los,2019,120
44173,Olmos,Los,2018,122
44173,Olmos,Los,2017,122
44173,Olmos,Los,2016,127
44173,Olmos,Los,2015,127
44173,Olmos,Los,2014,130
44173,Olmos,Los,2013,131
44173,Olmos,Los,2012,124
44173,Olmos,Los,2011,131
44173,Olmos,Los,2010,128
44174,Orihuela del Tremedal,2020,450
44174,Orihuela del Tremedal,2019,463
44174,Orihuela del Tremedal,2018,487
44174,Orihuela del Tremedal,2017,493
44174,Orihuela del Tremedal,2016,504
44174,Orihuela del Tremedal,2015,535
44174,Orihuela del Tremedal,2014,539
44174,Orihuela del Tremedal,2013,552
44174,Orihuela del Tremedal,2012,572
44174,Orihuela del Tremedal,2011,580
44174,Orihuela del Tremedal,2010,564
44175,Orrios,2020,128
44175,Orrios,2019,125
44175,Orrios,2018,126
44175,Orrios,2017,127
44175,Orrios,2016,133
44175,Orrios,2015,137
44175,Orrios,2014,140
44175,Orrios,2013,145
44175,Orrios,2012,152
44175,Orrios,2011,153
44175,Orrios,2010,159
44176,Palomar de Arroyos,2020,170
44176,Palomar de Arroyos,2019,168
44176,Palomar de Arroyos,2018,169
44176,Palomar de Arroyos,2017,169
44176,Palomar de Arroyos,2016,174
44176,Palomar de Arroyos,2015,182
44176,Palomar de Arroyos,2014,184
44176,Palomar de Arroyos,2013,186
44176,Palomar de Arroyos,2012,189
44176,Palomar de Arroyos,2011,191
44176,Palomar de Arroyos,2010,198
44177,Pancrudo,2020,119
44177,Pancrudo,2019,113
44177,Pancrudo,2018,110
44177,Pancrudo,2017,119
44177,Pancrudo,2016,116
44177,Pancrudo,2015,112
44177,Pancrudo,2014,117
44177,Pancrudo,2013,123
44177,Pancrudo,2012,133
44177,Pancrudo,2011,139
44177,Pancrudo,2010,136
44178,Parras de Castellote,Las,2020,55
44178,Parras de Castellote,Las,2019,55
44178,Parras de Castellote,Las,2018,53
44178,Parras de Castellote,Las,2017,61
44178,Parras de Castellote,Las,2016,57
44178,Parras de Castellote,Las,2015,59
44178,Parras de Castellote,Las,2014,58
44178,Parras de Castellote,Las,2013,63
44178,Parras de Castellote,Las,2012,69
44178,Parras de Castellote,Las,2011,77
44178,Parras de Castellote,Las,2010,73
44179,Peñarroya de Tastavins,2020,446
44179,Peñarroya de Tastavins,2019,439
44179,Peñarroya de Tastavins,2018,439
44179,Peñarroya de Tastavins,2017,461
44179,Peñarroya de Tastavins,2016,465
44179,Peñarroya de Tastavins,2015,477
44179,Peñarroya de Tastavins,2014,487
44179,Peñarroya de Tastavins,2013,480
44179,Peñarroya de Tastavins,2012,497
44179,Peñarroya de Tastavins,2011,509
44179,Peñarroya de Tastavins,2010,517
44180,Peracense,2020,77
44180,Peracense,2019,77
44180,Peracense,2018,76
44180,Peracense,2017,75
44180,Peracense,2016,75
44180,Peracense,2015,72
44180,Peracense,2014,69
44180,Peracense,2013,73
44180,Peracense,2012,77
44180,Peracense,2011,88
44180,Peracense,2010,89
44181,Peralejos,2020,83
44181,Peralejos,2019,79
44181,Peralejos,2018,88
44181,Peralejos,2017,87
44181,Peralejos,2016,86
44181,Peralejos,2015,86
44181,Peralejos,2014,85
44181,Peralejos,2013,90
44181,Peralejos,2012,83
44181,Peralejos,2011,84
44181,Peralejos,2010,78
44182,Perales del Alfambra,2020,236
44182,Perales del Alfambra,2019,229
44182,Perales del Alfambra,2018,221
44182,Perales del Alfambra,2017,221
44182,Perales del Alfambra,2016,227
44182,Perales del Alfambra,2015,238
44182,Perales del Alfambra,2014,253
44182,Perales del Alfambra,2013,265
44182,Perales del Alfambra,2012,269
44182,Perales del Alfambra,2011,268
44182,Perales del Alfambra,2010,279
44183,Pitarque,2020,68
44183,Pitarque,2019,73
44183,Pitarque,2018,79
44183,Pitarque,2017,84
44183,Pitarque,2016,91
44183,Pitarque,2015,90
44183,Pitarque,2014,93
44183,Pitarque,2013,89
44183,Pitarque,2012,93
44183,Pitarque,2011,94
44183,Pitarque,2010,96
44184,Plou,2020,50
44184,Plou,2019,43
44184,Plou,2018,43
44184,Plou,2017,45
44184,Plou,2016,49
44184,Plou,2015,52
44184,Plou,2014,46
44184,Plou,2013,45
44184,Plou,2012,48
44184,Plou,2011,45
44184,Plou,2010,43
44185,Pobo,El,2020,108
44185,Pobo,El,2019,110
44185,Pobo,El,2018,114
44185,Pobo,El,2017,129
44185,Pobo,El,2016,132
44185,Pobo,El,2015,142
44185,Pobo,El,2014,148
44185,Pobo,El,2013,145
44185,Pobo,El,2012,142
44185,Pobo,El,2011,143
44185,Pobo,El,2010,139
44187,Portellada,La,2020,236
44187,Portellada,La,2019,235
44187,Portellada,La,2018,243
44187,Portellada,La,2017,246
44187,Portellada,La,2016,240
44187,Portellada,La,2015,240
44187,Portellada,La,2014,234
44187,Portellada,La,2013,245
44187,Portellada,La,2012,254
44187,Portellada,La,2011,259
44187,Portellada,La,2010,262
44189,Pozondón,2020,43
44189,Pozondón,2019,50
44189,Pozondón,2018,48
44189,Pozondón,2017,54
44189,Pozondón,2016,60
44189,Pozondón,2015,62
44189,Pozondón,2014,63
44189,Pozondón,2013,66
44189,Pozondón,2012,71
44189,Pozondón,2011,80
44189,Pozondón,2010,83
44190,Pozuel del Campo,2020,63
44190,Pozuel del Campo,2019,65
44190,Pozuel del Campo,2018,68
44190,Pozuel del Campo,2017,70
44190,Pozuel del Campo,2016,72
44190,Pozuel del Campo,2015,74
44190,Pozuel del Campo,2014,81
44190,Pozuel del Campo,2013,80
44190,Pozuel del Campo,2012,90
44190,Pozuel del Campo,2011,98
44190,Pozuel del Campo,2010,100
44191,Puebla de Híjar,La,2020,899
44191,Puebla de Híjar,La,2019,897
44191,Puebla de Híjar,La,2018,908
44191,Puebla de Híjar,La,2017,944
44191,Puebla de Híjar,La,2016,930
44191,Puebla de Híjar,La,2015,947
44191,Puebla de Híjar,La,2014,965
44191,Puebla de Híjar,La,2013,974
44191,Puebla de Híjar,La,2012,982
44191,Puebla de Híjar,La,2011,1013
44191,Puebla de Híjar,La,2010,1006
44192,Puebla de Valverde,La,2020,451
44192,Puebla de Valverde,La,2019,457
44192,Puebla de Valverde,La,2018,453
44192,Puebla de Valverde,La,2017,457
44192,Puebla de Valverde,La,2016,460
44192,Puebla de Valverde,La,2015,500
44192,Puebla de Valverde,La,2014,521
44192,Puebla de Valverde,La,2013,547
44192,Puebla de Valverde,La,2012,550
44192,Puebla de Valverde,La,2011,552
44192,Puebla de Valverde,La,2010,571
44193,Puertomingalvo,2020,117
44193,Puertomingalvo,2019,109
44193,Puertomingalvo,2018,112
44193,Puertomingalvo,2017,117
44193,Puertomingalvo,2016,112
44193,Puertomingalvo,2015,119
44193,Puertomingalvo,2014,117
44193,Puertomingalvo,2013,135
44193,Puertomingalvo,2012,144
44193,Puertomingalvo,2011,157
44193,Puertomingalvo,2010,207
44194,Ráfales,2020,139
44194,Ráfales,2019,138
44194,Ráfales,2018,143
44194,Ráfales,2017,146
44194,Ráfales,2016,138
44194,Ráfales,2015,133
44194,Ráfales,2014,142
44194,Ráfales,2013,138
44194,Ráfales,2012,159
44194,Ráfales,2011,165
44194,Ráfales,2010,170
44195,Rillo,2020,85
44195,Rillo,2019,88
44195,Rillo,2018,93
44195,Rillo,2017,92
44195,Rillo,2016,92
44195,Rillo,2015,97
44195,Rillo,2014,106
44195,Rillo,2013,109
44195,Rillo,2012,111
44195,Rillo,2011,112
44195,Rillo,2010,113
44196,Riodeva,2020,134
44196,Riodeva,2019,142
44196,Riodeva,2018,144
44196,Riodeva,2017,149
44196,Riodeva,2016,151
44196,Riodeva,2015,163
44196,Riodeva,2014,165
44196,Riodeva,2013,165
44196,Riodeva,2012,173
44196,Riodeva,2011,176
44196,Riodeva,2010,180
44197,Ródenas,2020,62
44197,Ródenas,2019,63
44197,Ródenas,2018,61
44197,Ródenas,2017,62
44197,Ródenas,2016,64
44197,Ródenas,2015,66
44197,Ródenas,2014,75
44197,Ródenas,2013,78
44197,Ródenas,2012,79
44197,Ródenas,2011,71
44197,Ródenas,2010,79
44198,Royuela,2020,210
44198,Royuela,2019,204
44198,Royuela,2018,206
44198,Royuela,2017,209
44198,Royuela,2016,215
44198,Royuela,2015,221
44198,Royuela,2014,227
44198,Royuela,2013,230
44198,Royuela,2012,247
44198,Royuela,2011,251
44198,Royuela,2010,248
44199,Rubiales,2020,49
44199,Rubiales,2019,52
44199,Rubiales,2018,50
44199,Rubiales,2017,52
44199,Rubiales,2016,50
44199,Rubiales,2015,53
44199,Rubiales,2014,51
44199,Rubiales,2013,55
44199,Rubiales,2012,61
44199,Rubiales,2011,58
44199,Rubiales,2010,57
44200,Rubielos de la Cérida,2020,39
44200,Rubielos de la Cérida,2019,39
44200,Rubielos de la Cérida,2018,38
44200,Rubielos de la Cérida,2017,38
44200,Rubielos de la Cérida,2016,39
44200,Rubielos de la Cérida,2015,41
44200,Rubielos de la Cérida,2014,41
44200,Rubielos de la Cérida,2013,43
44200,Rubielos de la Cérida,2012,43
44200,Rubielos de la Cérida,2011,43
44200,Rubielos de la Cérida,2010,45
44201,Rubielos de Mora,2020,635
44201,Rubielos de Mora,2019,621
44201,Rubielos de Mora,2018,627
44201,Rubielos de Mora,2017,626
44201,Rubielos de Mora,2016,658
44201,Rubielos de Mora,2015,661
44201,Rubielos de Mora,2014,687
44201,Rubielos de Mora,2013,722
44201,Rubielos de Mora,2012,755
44201,Rubielos de Mora,2011,751
44201,Rubielos de Mora,2010,772
44203,Salcedillo,2020,11
44203,Salcedillo,2019,14
44203,Salcedillo,2018,17
44203,Salcedillo,2017,17
44203,Salcedillo,2016,17
44203,Salcedillo,2015,13
44203,Salcedillo,2014,10
44203,Salcedillo,2013,10
44203,Salcedillo,2012,10
44203,Salcedillo,2011,8
44203,Salcedillo,2010,8
44204,Saldón,2020,24
44204,Saldón,2019,27
44204,Saldón,2018,26
44204,Saldón,2017,26
44204,Saldón,2016,26
44204,Saldón,2015,27
44204,Saldón,2014,27
44204,Saldón,2013,29
44204,Saldón,2012,28
44204,Saldón,2011,29
44204,Saldón,2010,29
44205,Samper de Calanda,2020,721
44205,Samper de Calanda,2019,755
44205,Samper de Calanda,2018,783
44205,Samper de Calanda,2017,821
44205,Samper de Calanda,2016,845
44205,Samper de Calanda,2015,854
44205,Samper de Calanda,2014,861
44205,Samper de Calanda,2013,867
44205,Samper de Calanda,2012,884
44205,Samper de Calanda,2011,909
44205,Samper de Calanda,2010,925
44206,San Agustín,2020,123
44206,San Agustín,2019,119
44206,San Agustín,2018,125
44206,San Agustín,2017,131
44206,San Agustín,2016,132
44206,San Agustín,2015,141
44206,San Agustín,2014,141
44206,San Agustín,2013,151
44206,San Agustín,2012,177
44206,San Agustín,2011,201
44206,San Agustín,2010,150
44207,San Martín del Río,2020,132
44207,San Martín del Río,2019,137
44207,San Martín del Río,2018,148
44207,San Martín del Río,2017,155
44207,San Martín del Río,2016,163
44207,San Martín del Río,2015,174
44207,San Martín del Río,2014,179
44207,San Martín del Río,2013,182
44207,San Martín del Río,2012,191
44207,San Martín del Río,2011,193
44207,San Martín del Río,2010,199
44208,Santa Cruz de Nogueras,2020,30
44208,Santa Cruz de Nogueras,2019,29
44208,Santa Cruz de Nogueras,2018,37
44208,Santa Cruz de Nogueras,2017,38
44208,Santa Cruz de Nogueras,2016,40
44208,Santa Cruz de Nogueras,2015,39
44208,Santa Cruz de Nogueras,2014,42
44208,Santa Cruz de Nogueras,2013,38
44208,Santa Cruz de Nogueras,2012,39
44208,Santa Cruz de Nogueras,2011,40
44208,Santa Cruz de Nogueras,2010,36
44209,Santa Eulalia,2020,1050
44209,Santa Eulalia,2019,1061
44209,Santa Eulalia,2018,1037
44209,Santa Eulalia,2017,1033
44209,Santa Eulalia,2016,1059
44209,Santa Eulalia,2015,1081
44209,Santa Eulalia,2014,1111
44209,Santa Eulalia,2013,1118
44209,Santa Eulalia,2012,1122
44209,Santa Eulalia,2011,1147
44209,Santa Eulalia,2010,1152
44210,Sarrión,2020,1148
44210,Sarrión,2019,1128
44210,Sarrión,2018,1133
44210,Sarrión,2017,1125
44210,Sarrión,2016,1125
44210,Sarrión,2015,1167
44210,Sarrión,2014,1152
44210,Sarrión,2013,1149
44210,Sarrión,2012,1129
44210,Sarrión,2011,1135
44210,Sarrión,2010,1140
44211,Segura de los Baños,2020,41
44211,Segura de los Baños,2019,38
44211,Segura de los Baños,2018,39
44211,Segura de los Baños,2017,43
44211,Segura de los Baños,2016,44
44211,Segura de los Baños,2015,40
44211,Segura de los Baños,2014,39
44211,Segura de los Baños,2013,40
44211,Segura de los Baños,2012,40
44211,Segura de los Baños,2011,39
44211,Segura de los Baños,2010,40
44212,Seno,2020,39
44212,Seno,2019,43
44212,Seno,2018,39
44212,Seno,2017,40
44212,Seno,2016,41
44212,Seno,2015,43
44212,Seno,2014,42
44212,Seno,2013,43
44212,Seno,2012,45
44212,Seno,2011,46
44212,Seno,2010,49
44213,Singra,2020,83
44213,Singra,2019,75
44213,Singra,2018,80
44213,Singra,2017,79
44213,Singra,2016,80
44213,Singra,2015,80
44213,Singra,2014,76
44213,Singra,2013,73
44213,Singra,2012,84
44213,Singra,2011,92
44213,Singra,2010,98
44215,Terriente,2020,180
44215,Terriente,2019,183
44215,Terriente,2018,183
44215,Terriente,2017,178
44215,Terriente,2016,173
44215,Terriente,2015,178
44215,Terriente,2014,177
44215,Terriente,2013,179
44215,Terriente,2012,191
44215,Terriente,2011,197
44215,Terriente,2010,186
44216,Teruel,2020,36240
44216,Teruel,2019,35890
44216,Teruel,2018,35691
44216,Teruel,2017,35484
44216,Teruel,2016,35564
44216,Teruel,2015,35590
44216,Teruel,2014,35675
44216,Teruel,2013,35961
44216,Teruel,2012,35841
44216,Teruel,2011,35288
44216,Teruel,2010,35241
44217,Toril y Masegoso,2020,33
44217,Toril y Masegoso,2019,32
44217,Toril y Masegoso,2018,30
44217,Toril y Masegoso,2017,29
44217,Toril y Masegoso,2016,30
44217,Toril y Masegoso,2015,30
44217,Toril y Masegoso,2014,32
44217,Toril y Masegoso,2013,35
44217,Toril y Masegoso,2012,35
44217,Toril y Masegoso,2011,37
44217,Toril y Masegoso,2010,34
44218,Tormón,2020,25
44218,Tormón,2019,30
44218,Tormón,2018,31
44218,Tormón,2017,34
44218,Tormón,2016,34
44218,Tormón,2015,34
44218,Tormón,2014,28
44218,Tormón,2013,31
44218,Tormón,2012,34
44218,Tormón,2011,36
44218,Tormón,2010,32
44219,Tornos,2020,202
44219,Tornos,2019,206
44219,Tornos,2018,213
44219,Tornos,2017,222
44219,Tornos,2016,228
44219,Tornos,2015,235
44219,Tornos,2014,231
44219,Tornos,2013,234
44219,Tornos,2012,231
44219,Tornos,2011,230
44219,Tornos,2010,232
44220,Torralba de los Sisones,2020,157
44220,Torralba de los Sisones,2019,155
44220,Torralba de los Sisones,2018,156
44220,Torralba de los Sisones,2017,162
44220,Torralba de los Sisones,2016,163
44220,Torralba de los Sisones,2015,157
44220,Torralba de los Sisones,2014,170
44220,Torralba de los Sisones,2013,174
44220,Torralba de los Sisones,2012,181
44220,Torralba de los Sisones,2011,209
44220,Torralba de los Sisones,2010,216
44223,Torre de Arcas,2020,94
44223,Torre de Arcas,2019,90
44223,Torre de Arcas,2018,89
44223,Torre de Arcas,2017,83
44223,Torre de Arcas,2016,81
44223,Torre de Arcas,2015,81
44223,Torre de Arcas,2014,83
44223,Torre de Arcas,2013,95
44223,Torre de Arcas,2012,88
44223,Torre de Arcas,2011,95
44223,Torre de Arcas,2010,96
44224,Torre de las Arcas,2020,29
44224,Torre de las Arcas,2019,28
44224,Torre de las Arcas,2018,28
44224,Torre de las Arcas,2017,28
44224,Torre de las Arcas,2016,29
44224,Torre de las Arcas,2015,29
44224,Torre de las Arcas,2014,28
44224,Torre de las Arcas,2013,31
44224,Torre de las Arcas,2012,30
44224,Torre de las Arcas,2011,35
44224,Torre de las Arcas,2010,37
44225,Torre del Compte,2020,117
44225,Torre del Compte,2019,120
44225,Torre del Compte,2018,132
44225,Torre del Compte,2017,130
44225,Torre del Compte,2016,129
44225,Torre del Compte,2015,137
44225,Torre del Compte,2014,142
44225,Torre del Compte,2013,147
44225,Torre del Compte,2012,148
44225,Torre del Compte,2011,156
44225,Torre del Compte,2010,153
44227,Torre los Negros,2020,83
44227,Torre los Negros,2019,84
44227,Torre los Negros,2018,88
44227,Torre los Negros,2017,86
44227,Torre los Negros,2016,87
44227,Torre los Negros,2015,90
44227,Torre los Negros,2014,94
44227,Torre los Negros,2013,91
44227,Torre los Negros,2012,98
44227,Torre los Negros,2011,103
44227,Torre los Negros,2010,105
44221,Torrecilla de Alcañiz,2020,439
44221,Torrecilla de Alcañiz,2019,433
44221,Torrecilla de Alcañiz,2018,423
44221,Torrecilla de Alcañiz,2017,426
44221,Torrecilla de Alcañiz,2016,424
44221,Torrecilla de Alcañiz,2015,407
44221,Torrecilla de Alcañiz,2014,415
44221,Torrecilla de Alcañiz,2013,437
44221,Torrecilla de Alcañiz,2012,447
44221,Torrecilla de Alcañiz,2011,437
44221,Torrecilla de Alcañiz,2010,440
44222,Torrecilla del Rebollar,2020,123
44222,Torrecilla del Rebollar,2019,124
44222,Torrecilla del Rebollar,2018,127
44222,Torrecilla del Rebollar,2017,136
44222,Torrecilla del Rebollar,2016,137
44222,Torrecilla del Rebollar,2015,144
44222,Torrecilla del Rebollar,2014,142
44222,Torrecilla del Rebollar,2013,142
44222,Torrecilla del Rebollar,2012,142
44222,Torrecilla del Rebollar,2011,146
44222,Torrecilla del Rebollar,2010,151
44226,Torrelacárcel,2020,143
44226,Torrelacárcel,2019,151
44226,Torrelacárcel,2018,154
44226,Torrelacárcel,2017,169
44226,Torrelacárcel,2016,176
44226,Torrelacárcel,2015,184
44226,Torrelacárcel,2014,197
44226,Torrelacárcel,2013,193
44226,Torrelacárcel,2012,200
44226,Torrelacárcel,2011,213
44226,Torrelacárcel,2010,223
44228,Torremocha de Jiloca,2020,107
44228,Torremocha de Jiloca,2019,109
44228,Torremocha de Jiloca,2018,107
44228,Torremocha de Jiloca,2017,107
44228,Torremocha de Jiloca,2016,110
44228,Torremocha de Jiloca,2015,110
44228,Torremocha de Jiloca,2014,126
44228,Torremocha de Jiloca,2013,125
44228,Torremocha de Jiloca,2012,128
44228,Torremocha de Jiloca,2011,135
44228,Torremocha de Jiloca,2010,148
44229,Torres de Albarracín,2020,185
44229,Torres de Albarracín,2019,180
44229,Torres de Albarracín,2018,183
44229,Torres de Albarracín,2017,178
44229,Torres de Albarracín,2016,179
44229,Torres de Albarracín,2015,181
44229,Torres de Albarracín,2014,174
44229,Torres de Albarracín,2013,159
44229,Torres de Albarracín,2012,167
44229,Torres de Albarracín,2011,167
44229,Torres de Albarracín,2010,175
44230,Torrevelilla,2020,170
44230,Torrevelilla,2019,186
44230,Torrevelilla,2018,189
44230,Torrevelilla,2017,192
44230,Torrevelilla,2016,203
44230,Torrevelilla,2015,200
44230,Torrevelilla,2014,208
44230,Torrevelilla,2013,211
44230,Torrevelilla,2012,199
44230,Torrevelilla,2011,216
44230,Torrevelilla,2010,214
44231,Torrijas,2020,43
44231,Torrijas,2019,41
44231,Torrijas,2018,38
44231,Torrijas,2017,39
44231,Torrijas,2016,45
44231,Torrijas,2015,45
44231,Torrijas,2014,45
44231,Torrijas,2013,44
44231,Torrijas,2012,57
44231,Torrijas,2011,63
44231,Torrijas,2010,66
44232,Torrijo del Campo,2020,447
44232,Torrijo del Campo,2019,455
44232,Torrijo del Campo,2018,447
44232,Torrijo del Campo,2017,447
44232,Torrijo del Campo,2016,462
44232,Torrijo del Campo,2015,489
44232,Torrijo del Campo,2014,509
44232,Torrijo del Campo,2013,496
44232,Torrijo del Campo,2012,506
44232,Torrijo del Campo,2011,518
44232,Torrijo del Campo,2010,539
44234,Tramacastiel,2020,67
44234,Tramacastiel,2019,72
44234,Tramacastiel,2018,64
44234,Tramacastiel,2017,67
44234,Tramacastiel,2016,66
44234,Tramacastiel,2015,75
44234,Tramacastiel,2014,74
44234,Tramacastiel,2013,76
44234,Tramacastiel,2012,85
44234,Tramacastiel,2011,89
44234,Tramacastiel,2010,98
44235,Tramacastilla,2020,104
44235,Tramacastilla,2019,103
44235,Tramacastilla,2018,106
44235,Tramacastilla,2017,107
44235,Tramacastilla,2016,108
44235,Tramacastilla,2015,107
44235,Tramacastilla,2014,120
44235,Tramacastilla,2013,114
44235,Tramacastilla,2012,125
44235,Tramacastilla,2011,118
44235,Tramacastilla,2010,107
44236,Tronchón,2020,68
44236,Tronchón,2019,67
44236,Tronchón,2018,65
44236,Tronchón,2017,69
44236,Tronchón,2016,67
44236,Tronchón,2015,68
44236,Tronchón,2014,82
44236,Tronchón,2013,91
44236,Tronchón,2012,100
44236,Tronchón,2011,107
44236,Tronchón,2010,106
44237,Urrea de Gaén,2020,427
44237,Urrea de Gaén,2019,435
44237,Urrea de Gaén,2018,436
44237,Urrea de Gaén,2017,461
44237,Urrea de Gaén,2016,475
44237,Urrea de Gaén,2015,488
44237,Urrea de Gaén,2014,494
44237,Urrea de Gaén,2013,491
44237,Urrea de Gaén,2012,516
44237,Urrea de Gaén,2011,527
44237,Urrea de Gaén,2010,525
44238,Utrillas,2020,3006
44238,Utrillas,2019,2978
44238,Utrillas,2018,2970
44238,Utrillas,2017,3014
44238,Utrillas,2016,3056
44238,Utrillas,2015,3110
44238,Utrillas,2014,3194
44238,Utrillas,2013,3268
44238,Utrillas,2012,3238
44238,Utrillas,2011,3270
44238,Utrillas,2010,3309
44239,Valacloche,2020,20
44239,Valacloche,2019,22
44239,Valacloche,2018,21
44239,Valacloche,2017,23
44239,Valacloche,2016,23
44239,Valacloche,2015,27
44239,Valacloche,2014,23
44239,Valacloche,2013,23
44239,Valacloche,2012,28
44239,Valacloche,2011,31
44239,Valacloche,2010,30
44240,Valbona,2020,172
44240,Valbona,2019,167
44240,Valbona,2018,174
44240,Valbona,2017,181
44240,Valbona,2016,186
44240,Valbona,2015,193
44240,Valbona,2014,198
44240,Valbona,2013,197
44240,Valbona,2012,211
44240,Valbona,2011,202
44240,Valbona,2010,224
44241,Valdealgorfa,2020,595
44241,Valdealgorfa,2019,612
44241,Valdealgorfa,2018,622
44241,Valdealgorfa,2017,632
44241,Valdealgorfa,2016,645
44241,Valdealgorfa,2015,664
44241,Valdealgorfa,2014,650
44241,Valdealgorfa,2013,621
44241,Valdealgorfa,2012,651
44241,Valdealgorfa,2011,675
44241,Valdealgorfa,2010,685
44243,Valdecuenca,2020,32
44243,Valdecuenca,2019,34
44243,Valdecuenca,2018,35
44243,Valdecuenca,2017,37
44243,Valdecuenca,2016,34
44243,Valdecuenca,2015,40
44243,Valdecuenca,2014,40
44243,Valdecuenca,2013,44
44243,Valdecuenca,2012,56
44243,Valdecuenca,2011,53
44243,Valdecuenca,2010,56
44244,Valdelinares,2020,92
44244,Valdelinares,2019,88
44244,Valdelinares,2018,87
44244,Valdelinares,2017,89
44244,Valdelinares,2016,90
44244,Valdelinares,2015,85
44244,Valdelinares,2014,90
44244,Valdelinares,2013,100
44244,Valdelinares,2012,106
44244,Valdelinares,2011,113
44244,Valdelinares,2010,116
44245,Valdeltormo,2020,281
44245,Valdeltormo,2019,283
44245,Valdeltormo,2018,279
44245,Valdeltormo,2017,298
44245,Valdeltormo,2016,296
44245,Valdeltormo,2015,312
44245,Valdeltormo,2014,315
44245,Valdeltormo,2013,322
44245,Valdeltormo,2012,317
44245,Valdeltormo,2011,324
44245,Valdeltormo,2010,328
44246,Valderrobres,2020,2435
44246,Valderrobres,2019,2425
44246,Valderrobres,2018,2388
44246,Valderrobres,2017,2338
44246,Valderrobres,2016,2311
44246,Valderrobres,2015,2342
44246,Valderrobres,2014,2337
44246,Valderrobres,2013,2310
44246,Valderrobres,2012,2335
44246,Valderrobres,2011,2303
44246,Valderrobres,2010,2290
44247,Valjunquera,2020,338
44247,Valjunquera,2019,330
44247,Valjunquera,2018,325
44247,Valjunquera,2017,341
44247,Valjunquera,2016,363
44247,Valjunquera,2015,358
44247,Valjunquera,2014,365
44247,Valjunquera,2013,383
44247,Valjunquera,2012,386
44247,Valjunquera,2011,387
44247,Valjunquera,2010,403
44249,Vallecillo,El,2020,44
44249,Vallecillo,El,2019,47
44249,Vallecillo,El,2018,48
44249,Vallecillo,El,2017,49
44249,Vallecillo,El,2016,59
44249,Vallecillo,El,2015,60
44249,Vallecillo,El,2014,50
44249,Vallecillo,El,2013,52
44249,Vallecillo,El,2012,54
44249,Vallecillo,El,2011,61
44249,Vallecillo,El,2010,47
44250,Veguillas de la Sierra,2020,21
44250,Veguillas de la Sierra,2019,19
44250,Veguillas de la Sierra,2018,20
44250,Veguillas de la Sierra,2017,19
44250,Veguillas de la Sierra,2016,19
44250,Veguillas de la Sierra,2015,22
44250,Veguillas de la Sierra,2014,23
44250,Veguillas de la Sierra,2013,22
44250,Veguillas de la Sierra,2012,20
44250,Veguillas de la Sierra,2011,25
44250,Veguillas de la Sierra,2010,28
44251,Villafranca del Campo,2020,285
44251,Villafranca del Campo,2019,298
44251,Villafranca del Campo,2018,297
44251,Villafranca del Campo,2017,289
44251,Villafranca del Campo,2016,300
44251,Villafranca del Campo,2015,299
44251,Villafranca del Campo,2014,314
44251,Villafranca del Campo,2013,323
44251,Villafranca del Campo,2012,323
44251,Villafranca del Campo,2011,339
44251,Villafranca del Campo,2010,352
44252,Villahermosa del Campo,2020,83
44252,Villahermosa del Campo,2019,89
44252,Villahermosa del Campo,2018,94
44252,Villahermosa del Campo,2017,94
44252,Villahermosa del Campo,2016,99
44252,Villahermosa del Campo,2015,103
44252,Villahermosa del Campo,2014,104
44252,Villahermosa del Campo,2013,102
44252,Villahermosa del Campo,2012,99
44252,Villahermosa del Campo,2011,102
44252,Villahermosa del Campo,2010,99
44256,Villanueva del Rebollar de la Sierra,2020,42
44256,Villanueva del Rebollar de la Sierra,2019,39
44256,Villanueva del Rebollar de la Sierra,2018,47
44256,Villanueva del Rebollar de la Sierra,2017,43
44256,Villanueva del Rebollar de la Sierra,2016,49
44256,Villanueva del Rebollar de la Sierra,2015,51
44256,Villanueva del Rebollar de la Sierra,2014,52
44256,Villanueva del Rebollar de la Sierra,2013,46
44256,Villanueva del Rebollar de la Sierra,2012,47
44256,Villanueva del Rebollar de la Sierra,2011,52
44256,Villanueva del Rebollar de la Sierra,2010,53
44257,Villar del Cobo,2020,160
44257,Villar del Cobo,2019,164
44257,Villar del Cobo,2018,164
44257,Villar del Cobo,2017,175
44257,Villar del Cobo,2016,188
44257,Villar del Cobo,2015,189
44257,Villar del Cobo,2014,190
44257,Villar del Cobo,2013,192
44257,Villar del Cobo,2012,202
44257,Villar del Cobo,2011,205
44257,Villar del Cobo,2010,208
44258,Villar del Salz,2020,61
44258,Villar del Salz,2019,55
44258,Villar del Salz,2018,60
44258,Villar del Salz,2017,59
44258,Villar del Salz,2016,70
44258,Villar del Salz,2015,74
44258,Villar del Salz,2014,75
44258,Villar del Salz,2013,73
44258,Villar del Salz,2012,79
44258,Villar del Salz,2011,80
44258,Villar del Salz,2010,83
44260,Villarluengo,2020,171
44260,Villarluengo,2019,170
44260,Villarluengo,2018,177
44260,Villarluengo,2017,169
44260,Villarluengo,2016,176
44260,Villarluengo,2015,189
44260,Villarluengo,2014,194
44260,Villarluengo,2013,195
44260,Villarluengo,2012,200
44260,Villarluengo,2011,194
44260,Villarluengo,2010,188
44261,Villarquemado,2020,841
44261,Villarquemado,2019,863
44261,Villarquemado,2018,862
44261,Villarquemado,2017,875
44261,Villarquemado,2016,863
44261,Villarquemado,2015,869
44261,Villarquemado,2014,886
44261,Villarquemado,2013,889
44261,Villarquemado,2012,904
44261,Villarquemado,2011,906
44261,Villarquemado,2010,940
44262,Villarroya de los Pinares,2020,161
44262,Villarroya de los Pinares,2019,172
44262,Villarroya de los Pinares,2018,160
44262,Villarroya de los Pinares,2017,155
44262,Villarroya de los Pinares,2016,160
44262,Villarroya de los Pinares,2015,163
44262,Villarroya de los Pinares,2014,160
44262,Villarroya de los Pinares,2013,164
44262,Villarroya de los Pinares,2012,163
44262,Villarroya de los Pinares,2011,172
44262,Villarroya de los Pinares,2010,177
44263,Villastar,2020,507
44263,Villastar,2019,505
44263,Villastar,2018,494
44263,Villastar,2017,501
44263,Villastar,2016,503
44263,Villastar,2015,526
44263,Villastar,2014,522
44263,Villastar,2013,498
44263,Villastar,2012,480
44263,Villastar,2011,448
44263,Villastar,2010,450
44264,Villel,2020,333
44264,Villel,2019,329
44264,Villel,2018,327
44264,Villel,2017,330
44264,Villel,2016,338
44264,Villel,2015,342
44264,Villel,2014,348
44264,Villel,2013,355
44264,Villel,2012,347
44264,Villel,2011,342
44264,Villel,2010,366
44265,Vinaceite,2020,231
44265,Vinaceite,2019,251
44265,Vinaceite,2018,249
44265,Vinaceite,2017,262
44265,Vinaceite,2016,262
44265,Vinaceite,2015,262
44265,Vinaceite,2014,274
44265,Vinaceite,2013,287
44265,Vinaceite,2012,308
44265,Vinaceite,2011,301
44265,Vinaceite,2010,314
44266,Visiedo,2020,131
44266,Visiedo,2019,119
44266,Visiedo,2018,125
44266,Visiedo,2017,135
44266,Visiedo,2016,138
44266,Visiedo,2015,133
44266,Visiedo,2014,137
44266,Visiedo,2013,141
44266,Visiedo,2012,145
44266,Visiedo,2011,148
44266,Visiedo,2010,149
44267,Vivel del Río Martín,2020,72
44267,Vivel del Río Martín,2019,73
44267,Vivel del Río Martín,2018,79
44267,Vivel del Río Martín,2017,71
44267,Vivel del Río Martín,2016,78
44267,Vivel del Río Martín,2015,83
44267,Vivel del Río Martín,2014,78
44267,Vivel del Río Martín,2013,81
44267,Vivel del Río Martín,2012,86
44267,Vivel del Río Martín,2011,91
44267,Vivel del Río Martín,2010,86
44268,Zoma,La,2020,32
44268,Zoma,La,2019,33
44268,Zoma,La,2018,16
44268,Zoma,La,2017,18
44268,Zoma,La,2016,16
44268,Zoma,La,2015,18
44268,Zoma,La,2014,19
44268,Zoma,La,2013,19
44268,Zoma,La,2012,22
44268,Zoma,La,2011,22
44268,Zoma,La,2010,22
